{"8203 Telegraph Rd, Pico Rivera, CA, 90660": [33.965446, -118.11429], "1140 Rosecrans Ave, Gardena, CA, 90247": [33.90191, -118.29478], "14110 Cordary Ave, Hawthorne, CA, 90250": [33.903076, -118.34167], "14819 Vermont Ave, Gardena, CA, 90247": [33.896828, -118.291985], "2339 W Valley Blvd, Alhambra, CA, 91803": [34.07708, -118.1491], "1208 S Central Ave, Glendale, CA, 91204": [34.131798, -118.257805], "1763 Royal Oaks Dr N, Duarte, CA, 91010": [34.143745, -117.96558], "630 W Broadway, Glendale, CA, 91204": [34.146774, -118.268394], "212 West Chevy Chase Dr, Glendale, CA, 91204": [34.133522, -118.25651], "1340 Highland Ave, Duarte, CA, 91010": [34.13727, -117.966606], "409 W Glenoaks Blvd, Glendale, CA, 91202": [34.159836, -118.26246], "22520 Maple Ave, Torrance, CA, 90505": [33.823753, -118.33991], "14060 Astoria St, Sylmar, CA, 91342": [34.31069, -118.4397], "12260 Foothill Blvd, Sylmar, CA, 91342": [34.282295, -118.40335], "1225 Wilshire Blvd, Los Angeles, CA, 90017": [34.05323, -118.265366], "15099 Mission Hills Rd, Mission Hills, CA, 91345": [34.28159, -118.460815], "14040 Astoria St, Sylmar, CA, 91342": [34.310993, -118.439354], "430 N Glendale Ave, Glendale, CA, 91206": [34.152393, -118.24437], "12029 S Avalon Blvd, Los Angeles, CA, 90061": [33.92279, -118.26519], "5645 Lindley Ave, Tarzana, CA, 91356": [34.173775, -118.52728], "16350 Filbert St, Sylmar, CA, 91342": [34.31985, -118.48486], "1131 Arizona Ave, Santa Monica, CA, 90401": [34.023552, -118.48958], "10801 Lindley Ave, Granada Hills, CA, 91344": [34.26703, -118.52657], "16123 Chatsworth St, Granada Hills, CA, 91344": [34.26466, -118.483574], "2309 N Santa Fe Ave, Compton, CA, 90222": [33.91345, -118.217], "3565 E Imperial Hwy, Lynwood, CA, 90262": [33.930504, -118.20626], "5053 Peck Rd, El Monte, CA, 91732": [34.094845, -118.012665], "3551 W Olympic Blvd, Los Angeles, CA, 90019": [34.052505, -118.31666], "7150 Tampa Ave, Reseda, CA, 91335": [34.19998, -118.55351], "2250 29th St, Santa Monica, CA, 90405": [34.024036, -118.45878], "1515 N Alexandria Ave, Los Angeles, CA, 90027": [34.09864, -118.29833], "2211 W 6th St, Los Angeles, CA, 90057": [34.06015, -118.276215], "1320 20th St, Santa Monica, CA, 90404": [34.029686, -118.48116], "8101 Hill Dr, Rosemead, CA, 91770": [34.045673, -118.09331], "819 Buena Vista St, Duarte, CA, 91010": [34.141846, -117.977554], "8455 State St, South Gate, CA, 90280": [33.959415, -118.21148], "1416 W 6th St, San Pedro, CA, 90732": [33.73881, -118.30759], "201 Allen Ave, Glendale, CA, 91201": [34.162388, -118.30571], "8025 Sepulveda Blvd, Van Nuys, CA, 91402": [34.21597, -118.46629], "44567 15th St W, Lancaster, CA, 93534": [34.692013, -118.15687], "6403 Crenshaw Blvd, Los Angeles, CA, 90043": [33.98174, -118.33086], "10158 Sunland Blvd, Sunland-Tujunga, CA, 91040": [34.260334, -118.3386], "1340 15th St, Santa Monica, CA, 90404": [34.02562, -118.48564], "919 N Sunset Ave, West Covina, CA, 91790": [34.061707, -117.945755], "9710 Artesia Blvd, Bellflower, CA, 90706": [33.874817, -118.12701], "10475 Wilshire Blvd, Los Angeles, CA, 90024": [34.06507, -118.4314], "15451 Ventura Blvd, Sherman Oaks, CA, 91403": [34.15454, -118.47056], "24141 Ventura Blvd, Calabasas, CA, 91302": [34.153202, -118.65419], "6600 Sepulveda Blvd, Van Nuys, CA, 91411": [34.190434, -118.46618], "8757 Burton Way, Los Angeles, CA, 90048": [34.07235, -118.38303], "14401 Huston St, Sherman Oaks, CA, 91423": [34.159424, -118.4466], "21521 Vermont Ave, Torrance, CA, 90502": [33.832848, -118.2903], "14318 Ohio St, Baldwin Park, CA, 91706": [34.095425, -117.96251], "11630 Grevillea Ave, Hawthorne, CA, 90250": [33.928825, -118.35476], "330 N Hayworth Ave, Los Angeles, CA, 90048": [34.07682, -118.362625], "21414 Vermont Ave, Torrance, CA, 90502": [33.834187, -118.29027], "25100 Calabasas Rd, Calabasas, CA, 91302": [34.148815, -118.67166], "7912 Topley Ln, Sunland-Tujunga, CA, 91040": [34.25546, -118.30513], "3032 Rowena Ave, Los Angeles, CA, 90039": [34.108852, -118.27017], "5125 Monte Vista St, Los Angeles, CA, 90042": [34.108032, -118.20204], "2236 Merton Ave, Los Angeles, CA, 90041": [34.13797, -118.215775], "4515 Huntington Dr S, Los Angeles, CA, 90032": [34.08413, -118.18811], "1470 S Robertson Blvd, Los Angeles, CA, 90035": [34.052803, -118.38399], "1020 S Fairfax Ave, Los Angeles, CA, 90019": [34.057564, -118.3641], "1920 S Robertson Blvd, Los Angeles, CA, 90034": [34.04421, -118.386765], "420 S Bonnie Brae St, Los Angeles, CA, 90057": [34.060566, -118.27104], "10201 Charing Cross Rd, Los Angeles, CA, 90024": [34.07898, -118.429924], "605 W Broadway, Glendale, CA, 91204": [34.14679, -118.267944], "8101 Painter Ave, Whittier, CA, 90602": [33.96665, -118.03266], "18700 Burbank Blvd, Tarzana, CA, 91356": [34.172337, -118.540924], "17650 Devonshire St, Northridge, CA, 91325": [34.257614, -118.51857], "4025 W 226th St, Torrance, CA, 90505": [33.823555, -118.35575], "6520 West Blvd, Los Angeles, CA, 90043": [33.98011, -118.33518], "21820 Craggyview St, Chatsworth, CA, 91311": [34.25541, -118.60414], "11926 La Mirada Blvd, La Mirada, CA, 90638": [33.92216, -118.01185], "22617 Vermont Ave, Torrance, CA, 90502": [33.82055, -118.29018], "2000 W Washington Blvd, Los Angeles, CA, 90018": [34.039955, -118.30282], "250 W Artesia St, Pomona, CA, 91768": [34.077457, -117.75448], "4610 Coldwater Canyon Ave, Studio City, CA, 91604": [34.154263, -118.41377], "25815 McBean Pkwy, Santa Clarita, CA, 91355": [34.401535, -118.55123], "115 Bridge St, San Gabriel, CA, 91775": [34.10269, -118.11217], "4061 Grand View Blvd, Los Angeles, CA, 90066": [33.999763, -118.42727], "2720 Nevada Ave, South El Monte, CA, 91733": [34.06155, -118.03686], "2221 Lincoln Park Ave, Los Angeles, CA, 90031": [34.070827, -118.20249], "12220 Foothill Blvd, Sylmar, CA, 91342": [34.2815, -118.40251], "15115 Vermont Ave, Gardena, CA, 90247": [33.89437, -118.29204], "9300 Telegraph Rd, Downey, CA, 90240": [33.957222, -118.10462], "1016 S Record Ave, Los Angeles, CA, 90023": [34.02195, -118.182625], "1041 S Main St, Burbank, CA, 91506": [34.1626, -118.311195], "845 S Burlington Ave, Los Angeles, CA, 90057": [34.05274, -118.2749], "15952 Osborne St, North Hills, CA, 91343": [34.23379, -118.47982], "6700 Sepulveda Blvd, Van Nuys, CA, 91411": [34.192177, -118.46618], "3615 E Imperial Hwy, Lynwood, CA, 90262": [33.931015, -118.20387], "909 S Lake St, Los Angeles, CA, 90006": [34.05364, -118.280045], "44750 60th St W, Lancaster, CA, 93536": [34.695705, -118.236626], "7915 Lindley Ave, Reseda, CA, 91335": [34.214203, -118.52734], "5650 Reseda Blvd, Tarzana, CA, 91356": [34.174202, -118.535995], "1055 N Kingsley Dr, Los Angeles, CA, 90029": [34.08999, -118.30327], "5101 Tyler Ave, Temple City, CA, 91780": [34.098305, -118.02543], "2411 W Temple St, Los Angeles, CA, 90026": [34.07172, -118.27241], "3050 Montrose Ave, Glendale, CA, 91214": [34.219704, -118.24597], "16955 Vanowen St, Van Nuys, CA, 91406": [34.193893, -118.502464], "12023 Lakewood Blvd, Downey, CA, 90242": [33.92573, -118.131226], "2721 W Willow St, Burbank, CA, 91505": [34.158306, -118.330795], "12045 Lakewood Blvd, Downey, CA, 90242": [33.925518, -118.13138], "2030 N Garey Ave, Pomona, CA, 91767": [34.08402, -117.75239], "14857 Roscoe Blvd, Panorama City, CA, 91402": [34.221485, -118.45651], "14165 Purche Ave, Gardena, CA, 90249": [33.90233, -118.32062], "12385 Washington Blvd, Whittier, CA, 90606": [33.96716, -118.049736], "15100 Prairie Ave, Lawndale, CA, 90260": [33.894566, -118.34382], "22029 Saticoy St, Canoga Park, CA, 91303": [34.208286, -118.60671], "7945 Topanga Canyon Blvd, Canoga Park, CA, 91304": [34.21461, -118.60606], "10626 Balboa Blvd, Granada Hills, CA, 91344": [34.263245, -118.50227], "17300 Roscoe Blvd, Northridge, CA, 91325": [34.221104, -118.50996], "950 S Flower St, Inglewood, CA, 90301": [33.95118, -118.3474], "1605 Eastlake Ave, Los Angeles, CA, 90033": [34.06334, -118.20567], "525 S Central Ave, Glendale, CA, 91204": [34.139706, -118.257866],